﻿{"data":[{"GPOChanges":{"LocalAdmins":[],"RemoteDesktopUsers":[],"DcomUsers":[],"PSRemoteUsers":[],"AffectedComputers":[{"ObjectIdentifier":"S-1-5-21-2379389067-1826974543-3574127760-1001","ObjectType":"Computer"}]},"Properties":{"domain":"HTB.LOCAL","name":"DOMAIN CONTROLLERS@HTB.LOCAL","distinguishedname":"OU=DOMAIN CONTROLLERS,DC=HTB,DC=LOCAL","domainsid":"S-1-5-21-2379389067-1826974543-3574127760","highvalue":false,"description":"Default container for domain controllers","whencreated":1530543409,"blocksinheritance":false},"Links":[{"IsEnforced":true,"GUID":"561BC927-A407-4894-BA31-302B37D98BFD"}],"ChildObjects":[{"ObjectIdentifier":"S-1-5-21-2379389067-1826974543-3574127760-1001","ObjectType":"Computer"}],"Aces":[{"PrincipalSID":"S-1-5-21-2379389067-1826974543-3574127760-512","PrincipalType":"Group","RightName":"Owns","IsInherited":false},{"PrincipalSID":"S-1-5-21-2379389067-1826974543-3574127760-512","PrincipalType":"Group","RightName":"WriteDacl","IsInherited":false},{"PrincipalSID":"S-1-5-21-2379389067-1826974543-3574127760-512","PrincipalType":"Group","RightName":"WriteOwner","IsInherited":false},{"PrincipalSID":"S-1-5-21-2379389067-1826974543-3574127760-519","PrincipalType":"Group","RightName":"GenericAll","IsInherited":true},{"PrincipalSID":"HTB.LOCAL-S-1-5-32-544","PrincipalType":"Group","RightName":"WriteDacl","IsInherited":true},{"PrincipalSID":"HTB.LOCAL-S-1-5-32-544","PrincipalType":"Group","RightName":"WriteOwner","IsInherited":true}],"ObjectIdentifier":"FE3F044D-EAA6-4388-8E73-CFFEF1906DE2","IsDeleted":false,"IsACLProtected":false}],"meta":{"methods":29695,"type":"ous","count":1,"version":5}}