﻿{"data":[{"Properties":{"domain":"HTB.LOCAL","name":"SYSTEM@HTB.LOCAL","distinguishedname":"CN=SYSTEM,DC=HTB,DC=LOCAL","domainsid":"S-1-5-21-2379389067-1826974543-3574127760","highvalue":false},"ChildObjects":[],"Aces":[{"PrincipalSID":"S-1-5-21-2379389067-1826974543-3574127760-512","PrincipalType":"Group","RightName":"Owns","IsInherited":false},{"PrincipalSID":"S-1-5-21-2379389067-1826974543-3574127760-512","PrincipalType":"Group","RightName":"WriteDacl","IsInherited":false},{"PrincipalSID":"S-1-5-21-2379389067-1826974543-3574127760-512","PrincipalType":"Group","RightName":"WriteOwner","IsInherited":false},{"PrincipalSID":"S-1-5-21-2379389067-1826974543-3574127760-519","PrincipalType":"Group","RightName":"GenericAll","IsInherited":true},{"PrincipalSID":"HTB.LOCAL-S-1-5-32-544","PrincipalType":"Group","RightName":"WriteDacl","IsInherited":true},{"PrincipalSID":"HTB.LOCAL-S-1-5-32-544","PrincipalType":"Group","RightName":"WriteOwner","IsInherited":true}],"ObjectIdentifier":"B043CD49-935C-4877-94CD-94F7C299C76A","IsDeleted":false,"IsACLProtected":false},{"Properties":{"domain":"HTB.LOCAL","name":"PROGRAM DATA@HTB.LOCAL","distinguishedname":"CN=PROGRAM DATA,DC=HTB,DC=LOCAL","domainsid":"S-1-5-21-2379389067-1826974543-3574127760","highvalue":false},"ChildObjects":[],"Aces":[{"PrincipalSID":"S-1-5-21-2379389067-1826974543-3574127760-512","PrincipalType":"Group","RightName":"Owns","IsInherited":false},{"PrincipalSID":"S-1-5-21-2379389067-1826974543-3574127760-512","PrincipalType":"Group","RightName":"GenericAll","IsInherited":false},{"PrincipalSID":"S-1-5-21-2379389067-1826974543-3574127760-519","PrincipalType":"Group","RightName":"GenericAll","IsInherited":true},{"PrincipalSID":"HTB.LOCAL-S-1-5-32-544","PrincipalType":"Group","RightName":"WriteDacl","IsInherited":true},{"PrincipalSID":"HTB.LOCAL-S-1-5-32-544","PrincipalType":"Group","RightName":"WriteOwner","IsInherited":true}],"ObjectIdentifier":"91EAB971-E68F-4E5F-BA17-8C0C7FB2B827","IsDeleted":false,"IsACLProtected":false},{"Properties":{"domain":"HTB.LOCAL","name":"RPCSERVICES@HTB.LOCAL","distinguishedname":"CN=RPCSERVICES,CN=SYSTEM,DC=HTB,DC=LOCAL","domainsid":"S-1-5-21-2379389067-1826974543-3574127760","highvalue":false},"ChildObjects":[],"Aces":[{"PrincipalSID":"S-1-5-21-2379389067-1826974543-3574127760-512","PrincipalType":"Group","RightName":"Owns","IsInherited":false},{"PrincipalSID":"S-1-5-21-2379389067-1826974543-3574127760-512","PrincipalType":"Group","RightName":"WriteDacl","IsInherited":false},{"PrincipalSID":"S-1-5-21-2379389067-1826974543-3574127760-512","PrincipalType":"Group","RightName":"WriteOwner","IsInherited":false},{"PrincipalSID":"S-1-5-21-2379389067-1826974543-3574127760-519","PrincipalType":"Group","RightName":"GenericAll","IsInherited":true},{"PrincipalSID":"HTB.LOCAL-S-1-5-32-544","PrincipalType":"Group","RightName":"WriteDacl","IsInherited":true},{"PrincipalSID":"HTB.LOCAL-S-1-5-32-544","PrincipalType":"Group","RightName":"WriteOwner","IsInherited":true}],"ObjectIdentifier":"A6840981-596D-4997-A350-E07C791594B0","IsDeleted":false,"IsACLProtected":false},{"Properties":{"domain":"HTB.LOCAL","name":"ADMINSDHOLDER@HTB.LOCAL","distinguishedname":"CN=ADMINSDHOLDER,CN=SYSTEM,DC=HTB,DC=LOCAL","domainsid":"S-1-5-21-2379389067-1826974543-3574127760","highvalue":false},"ChildObjects":[],"Aces":[{"PrincipalSID":"S-1-5-21-2379389067-1826974543-3574127760-512","PrincipalType":"Group","RightName":"Owns","IsInherited":false},{"PrincipalSID":"HTB.LOCAL-S-1-5-32-544","PrincipalType":"Group","RightName":"WriteDacl","IsInherited":false},{"PrincipalSID":"HTB.LOCAL-S-1-5-32-544","PrincipalType":"Group","RightName":"WriteOwner","IsInherited":false},{"PrincipalSID":"S-1-5-21-2379389067-1826974543-3574127760-512","PrincipalType":"Group","RightName":"WriteDacl","IsInherited":false},{"PrincipalSID":"S-1-5-21-2379389067-1826974543-3574127760-512","PrincipalType":"Group","RightName":"WriteOwner","IsInherited":false},{"PrincipalSID":"S-1-5-21-2379389067-1826974543-3574127760-519","PrincipalType":"Group","RightName":"WriteDacl","IsInherited":false},{"PrincipalSID":"S-1-5-21-2379389067-1826974543-3574127760-519","PrincipalType":"Group","RightName":"WriteOwner","IsInherited":false}],"ObjectIdentifier":"A948D1C4-0AC7-4E46-85E6-DF5ABDC4DE5A","IsDeleted":false,"IsACLProtected":true},{"Properties":{"domain":"HTB.LOCAL","name":"FOREIGNSECURITYPRINCIPALS@HTB.LOCAL","distinguishedname":"CN=FOREIGNSECURITYPRINCIPALS,DC=HTB,DC=LOCAL","domainsid":"S-1-5-21-2379389067-1826974543-3574127760","highvalue":false},"ChildObjects":[],"Aces":[{"PrincipalSID":"S-1-5-21-2379389067-1826974543-3574127760-512","PrincipalType":"Group","RightName":"Owns","IsInherited":false},{"PrincipalSID":"S-1-5-21-2379389067-1826974543-3574127760-512","PrincipalType":"Group","RightName":"GenericAll","IsInherited":false},{"PrincipalSID":"S-1-5-21-2379389067-1826974543-3574127760-519","PrincipalType":"Group","RightName":"GenericAll","IsInherited":true},{"PrincipalSID":"HTB.LOCAL-S-1-5-32-544","PrincipalType":"Group","RightName":"WriteDacl","IsInherited":true},{"PrincipalSID":"HTB.LOCAL-S-1-5-32-544","PrincipalType":"Group","RightName":"WriteOwner","IsInherited":true}],"ObjectIdentifier":"68410D37-9B3C-4580-9F33-8C41EF35B790","IsDeleted":false,"IsACLProtected":false},{"Properties":{"domain":"HTB.LOCAL","name":"MANAGED SERVICE ACCOUNTS@HTB.LOCAL","distinguishedname":"CN=MANAGED SERVICE ACCOUNTS,DC=HTB,DC=LOCAL","domainsid":"S-1-5-21-2379389067-1826974543-3574127760","highvalue":false},"ChildObjects":[],"Aces":[{"PrincipalSID":"S-1-5-21-2379389067-1826974543-3574127760-512","PrincipalType":"Group","RightName":"Owns","IsInherited":false},{"PrincipalSID":"S-1-5-21-2379389067-1826974543-3574127760-512","PrincipalType":"Group","RightName":"WriteDacl","IsInherited":false},{"PrincipalSID":"S-1-5-21-2379389067-1826974543-3574127760-512","PrincipalType":"Group","RightName":"WriteOwner","IsInherited":false},{"PrincipalSID":"S-1-5-21-2379389067-1826974543-3574127760-519","PrincipalType":"Group","RightName":"GenericAll","IsInherited":true},{"PrincipalSID":"HTB.LOCAL-S-1-5-32-544","PrincipalType":"Group","RightName":"WriteDacl","IsInherited":true},{"PrincipalSID":"HTB.LOCAL-S-1-5-32-544","PrincipalType":"Group","RightName":"WriteOwner","IsInherited":true}],"ObjectIdentifier":"FEA640B6-EE97-4CC4-BC45-B72D0E744A9F","IsDeleted":false,"IsACLProtected":false},{"Properties":{"domain":"HTB.LOCAL","name":"RAS AND IAS SERVERS ACCESS CHECK@HTB.LOCAL","distinguishedname":"CN=RAS AND IAS SERVERS ACCESS CHECK,CN=SYSTEM,DC=HTB,DC=LOCAL","domainsid":"S-1-5-21-2379389067-1826974543-3574127760","highvalue":false},"ChildObjects":[],"Aces":[{"PrincipalSID":"S-1-5-21-2379389067-1826974543-3574127760-512","PrincipalType":"Group","RightName":"Owns","IsInherited":false},{"PrincipalSID":"S-1-5-21-2379389067-1826974543-3574127760-553","PrincipalType":"Group","RightName":"WriteDacl","IsInherited":false},{"PrincipalSID":"S-1-5-21-2379389067-1826974543-3574127760-553","PrincipalType":"Group","RightName":"WriteOwner","IsInherited":false},{"PrincipalSID":"S-1-5-21-2379389067-1826974543-3574127760-519","PrincipalType":"Group","RightName":"GenericAll","IsInherited":true},{"PrincipalSID":"HTB.LOCAL-S-1-5-32-544","PrincipalType":"Group","RightName":"WriteDacl","IsInherited":true},{"PrincipalSID":"HTB.LOCAL-S-1-5-32-544","PrincipalType":"Group","RightName":"WriteOwner","IsInherited":true}],"ObjectIdentifier":"CA0349E4-19A9-4DDB-8090-6635FB574C60","IsDeleted":false,"IsACLProtected":false},{"Properties":{"domain":"HTB.LOCAL","name":"POLICYTEMPLATE@HTB.LOCAL","distinguishedname":"CN=POLICYTEMPLATE,CN=WMIPOLICY,CN=SYSTEM,DC=HTB,DC=LOCAL","domainsid":"S-1-5-21-2379389067-1826974543-3574127760","highvalue":false},"ChildObjects":[],"Aces":[{"PrincipalSID":"S-1-5-21-2379389067-1826974543-3574127760-512","PrincipalType":"Group","RightName":"Owns","IsInherited":false},{"PrincipalSID":"S-1-5-21-2379389067-1826974543-3574127760-512","PrincipalType":"Group","RightName":"WriteDacl","IsInherited":false},{"PrincipalSID":"S-1-5-21-2379389067-1826974543-3574127760-512","PrincipalType":"Group","RightName":"WriteOwner","IsInherited":false},{"PrincipalSID":"S-1-5-21-2379389067-1826974543-3574127760-519","PrincipalType":"Group","RightName":"GenericAll","IsInherited":true},{"PrincipalSID":"S-1-5-21-2379389067-1826974543-3574127760-512","PrincipalType":"Group","RightName":"GenericAll","IsInherited":true}],"ObjectIdentifier":"7A7A0256-3438-4ECF-BF10-94BB5A3C0002","IsDeleted":false,"IsACLProtected":false},{"Properties":{"domain":"HTB.LOCAL","name":"COMPARTITIONSETS@HTB.LOCAL","distinguishedname":"CN=COMPARTITIONSETS,CN=SYSTEM,DC=HTB,DC=LOCAL","domainsid":"S-1-5-21-2379389067-1826974543-3574127760","highvalue":false},"ChildObjects":[],"Aces":[{"PrincipalSID":"S-1-5-21-2379389067-1826974543-3574127760-512","PrincipalType":"Group","RightName":"Owns","IsInherited":false},{"PrincipalSID":"S-1-5-21-2379389067-1826974543-3574127760-512","PrincipalType":"Group","RightName":"WriteDacl","IsInherited":false},{"PrincipalSID":"S-1-5-21-2379389067-1826974543-3574127760-512","PrincipalType":"Group","RightName":"WriteOwner","IsInherited":false},{"PrincipalSID":"S-1-5-21-2379389067-1826974543-3574127760-519","PrincipalType":"Group","RightName":"GenericAll","IsInherited":true},{"PrincipalSID":"HTB.LOCAL-S-1-5-32-544","PrincipalType":"Group","RightName":"WriteDacl","IsInherited":true},{"PrincipalSID":"HTB.LOCAL-S-1-5-32-544","PrincipalType":"Group","RightName":"WriteOwner","IsInherited":true}],"ObjectIdentifier":"512CCACF-6FDB-498E-94A5-C5EC3125D24C","IsDeleted":false,"IsACLProtected":false},{"Properties":{"domain":"HTB.LOCAL","name":"MICROSOFT@HTB.LOCAL","distinguishedname":"CN=MICROSOFT,CN=PROGRAM DATA,DC=HTB,DC=LOCAL","domainsid":"S-1-5-21-2379389067-1826974543-3574127760","highvalue":false},"ChildObjects":[],"Aces":[{"PrincipalSID":"S-1-5-21-2379389067-1826974543-3574127760-512","PrincipalType":"Group","RightName":"Owns","IsInherited":false},{"PrincipalSID":"S-1-5-21-2379389067-1826974543-3574127760-512","PrincipalType":"Group","RightName":"GenericAll","IsInherited":false},{"PrincipalSID":"S-1-5-21-2379389067-1826974543-3574127760-519","PrincipalType":"Group","RightName":"GenericAll","IsInherited":true},{"PrincipalSID":"HTB.LOCAL-S-1-5-32-544","PrincipalType":"Group","RightName":"WriteDacl","IsInherited":true},{"PrincipalSID":"HTB.LOCAL-S-1-5-32-544","PrincipalType":"Group","RightName":"WriteOwner","IsInherited":true}],"ObjectIdentifier":"5A679353-8BA7-498E-B4C3-C3B036935774","IsDeleted":false,"IsACLProtected":false},{"Properties":{"domain":"HTB.LOCAL","name":"COMPARTITIONS@HTB.LOCAL","distinguishedname":"CN=COMPARTITIONS,CN=SYSTEM,DC=HTB,DC=LOCAL","domainsid":"S-1-5-21-2379389067-1826974543-3574127760","highvalue":false},"ChildObjects":[],"Aces":[{"PrincipalSID":"S-1-5-21-2379389067-1826974543-3574127760-512","PrincipalType":"Group","RightName":"Owns","IsInherited":false},{"PrincipalSID":"S-1-5-21-2379389067-1826974543-3574127760-512","PrincipalType":"Group","RightName":"WriteDacl","IsInherited":false},{"PrincipalSID":"S-1-5-21-2379389067-1826974543-3574127760-512","PrincipalType":"Group","RightName":"WriteOwner","IsInherited":false},{"PrincipalSID":"S-1-5-21-2379389067-1826974543-3574127760-519","PrincipalType":"Group","RightName":"GenericAll","IsInherited":true},{"PrincipalSID":"HTB.LOCAL-S-1-5-32-544","PrincipalType":"Group","RightName":"WriteDacl","IsInherited":true},{"PrincipalSID":"HTB.LOCAL-S-1-5-32-544","PrincipalType":"Group","RightName":"WriteOwner","IsInherited":true}],"ObjectIdentifier":"9DC79261-5A63-42B0-BD2B-EC3BCCEC6E20","IsDeleted":false,"IsACLProtected":false},{"Properties":{"domain":"HTB.LOCAL","name":"POLICIES@HTB.LOCAL","distinguishedname":"CN=POLICIES,CN=SYSTEM,DC=HTB,DC=LOCAL","domainsid":"S-1-5-21-2379389067-1826974543-3574127760","highvalue":false},"ChildObjects":[],"Aces":[{"PrincipalSID":"S-1-5-21-2379389067-1826974543-3574127760-512","PrincipalType":"Group","RightName":"Owns","IsInherited":false},{"PrincipalSID":"S-1-5-21-2379389067-1826974543-3574127760-512","PrincipalType":"Group","RightName":"WriteDacl","IsInherited":false},{"PrincipalSID":"S-1-5-21-2379389067-1826974543-3574127760-512","PrincipalType":"Group","RightName":"WriteOwner","IsInherited":false},{"PrincipalSID":"S-1-5-21-2379389067-1826974543-3574127760-519","PrincipalType":"Group","RightName":"GenericAll","IsInherited":true},{"PrincipalSID":"HTB.LOCAL-S-1-5-32-544","PrincipalType":"Group","RightName":"WriteDacl","IsInherited":true},{"PrincipalSID":"HTB.LOCAL-S-1-5-32-544","PrincipalType":"Group","RightName":"WriteOwner","IsInherited":true}],"ObjectIdentifier":"E056D5E9-37CA-4C9D-A3DF-487491239446","IsDeleted":false,"IsACLProtected":false},{"Properties":{"domain":"HTB.LOCAL","name":"POLICYTYPE@HTB.LOCAL","distinguishedname":"CN=POLICYTYPE,CN=WMIPOLICY,CN=SYSTEM,DC=HTB,DC=LOCAL","domainsid":"S-1-5-21-2379389067-1826974543-3574127760","highvalue":false},"ChildObjects":[],"Aces":[{"PrincipalSID":"S-1-5-21-2379389067-1826974543-3574127760-512","PrincipalType":"Group","RightName":"Owns","IsInherited":false},{"PrincipalSID":"S-1-5-21-2379389067-1826974543-3574127760-512","PrincipalType":"Group","RightName":"WriteDacl","IsInherited":false},{"PrincipalSID":"S-1-5-21-2379389067-1826974543-3574127760-512","PrincipalType":"Group","RightName":"WriteOwner","IsInherited":false},{"PrincipalSID":"S-1-5-21-2379389067-1826974543-3574127760-519","PrincipalType":"Group","RightName":"GenericAll","IsInherited":true},{"PrincipalSID":"S-1-5-21-2379389067-1826974543-3574127760-512","PrincipalType":"Group","RightName":"GenericAll","IsInherited":true}],"ObjectIdentifier":"8BC7653A-EA74-4323-9AAB-0D783FC0E204","IsDeleted":false,"IsACLProtected":false},{"Properties":{"domain":"HTB.LOCAL","name":"PSPS@HTB.LOCAL","distinguishedname":"CN=PSPS,CN=SYSTEM,DC=HTB,DC=LOCAL","domainsid":"S-1-5-21-2379389067-1826974543-3574127760","highvalue":false},"ChildObjects":[],"Aces":[{"PrincipalSID":"S-1-5-21-2379389067-1826974543-3574127760-512","PrincipalType":"Group","RightName":"Owns","IsInherited":false},{"PrincipalSID":"S-1-5-21-2379389067-1826974543-3574127760-512","PrincipalType":"Group","RightName":"GenericAll","IsInherited":false},{"PrincipalSID":"S-1-5-21-2379389067-1826974543-3574127760-519","PrincipalType":"Group","RightName":"GenericAll","IsInherited":true},{"PrincipalSID":"HTB.LOCAL-S-1-5-32-544","PrincipalType":"Group","RightName":"WriteDacl","IsInherited":true},{"PrincipalSID":"HTB.LOCAL-S-1-5-32-544","PrincipalType":"Group","RightName":"WriteOwner","IsInherited":true}],"ObjectIdentifier":"34905516-245B-49FE-8062-3B00964ABAAA","IsDeleted":false,"IsACLProtected":false},{"Properties":{"domain":"HTB.LOCAL","name":"WINSOCKSERVICES@HTB.LOCAL","distinguishedname":"CN=WINSOCKSERVICES,CN=SYSTEM,DC=HTB,DC=LOCAL","domainsid":"S-1-5-21-2379389067-1826974543-3574127760","highvalue":false},"ChildObjects":[],"Aces":[{"PrincipalSID":"S-1-5-21-2379389067-1826974543-3574127760-512","PrincipalType":"Group","RightName":"Owns","IsInherited":false},{"PrincipalSID":"S-1-5-21-2379389067-1826974543-3574127760-512","PrincipalType":"Group","RightName":"WriteDacl","IsInherited":false},{"PrincipalSID":"S-1-5-21-2379389067-1826974543-3574127760-512","PrincipalType":"Group","RightName":"WriteOwner","IsInherited":false},{"PrincipalSID":"S-1-5-21-2379389067-1826974543-3574127760-519","PrincipalType":"Group","RightName":"GenericAll","IsInherited":true},{"PrincipalSID":"HTB.LOCAL-S-1-5-32-544","PrincipalType":"Group","RightName":"WriteDacl","IsInherited":true},{"PrincipalSID":"HTB.LOCAL-S-1-5-32-544","PrincipalType":"Group","RightName":"WriteOwner","IsInherited":true}],"ObjectIdentifier":"64E00732-2245-44CC-AAEC-B5E118548B19","IsDeleted":false,"IsACLProtected":false},{"Properties":{"domain":"HTB.LOCAL","name":"MEETINGS@HTB.LOCAL","distinguishedname":"CN=MEETINGS,CN=SYSTEM,DC=HTB,DC=LOCAL","domainsid":"S-1-5-21-2379389067-1826974543-3574127760","highvalue":false},"ChildObjects":[],"Aces":[{"PrincipalSID":"S-1-5-21-2379389067-1826974543-3574127760-512","PrincipalType":"Group","RightName":"Owns","IsInherited":false},{"PrincipalSID":"S-1-5-21-2379389067-1826974543-3574127760-512","PrincipalType":"Group","RightName":"WriteDacl","IsInherited":false},{"PrincipalSID":"S-1-5-21-2379389067-1826974543-3574127760-512","PrincipalType":"Group","RightName":"WriteOwner","IsInherited":false},{"PrincipalSID":"S-1-5-21-2379389067-1826974543-3574127760-519","PrincipalType":"Group","RightName":"GenericAll","IsInherited":true},{"PrincipalSID":"HTB.LOCAL-S-1-5-32-544","PrincipalType":"Group","RightName":"WriteDacl","IsInherited":true},{"PrincipalSID":"HTB.LOCAL-S-1-5-32-544","PrincipalType":"Group","RightName":"WriteOwner","IsInherited":true}],"ObjectIdentifier":"F6C821BF-15FE-4193-A47A-38B85D75066C","IsDeleted":false,"IsACLProtected":false},{"Properties":{"domain":"HTB.LOCAL","name":"SOM@HTB.LOCAL","distinguishedname":"CN=SOM,CN=WMIPOLICY,CN=SYSTEM,DC=HTB,DC=LOCAL","domainsid":"S-1-5-21-2379389067-1826974543-3574127760","highvalue":false},"ChildObjects":[],"Aces":[{"PrincipalSID":"S-1-5-21-2379389067-1826974543-3574127760-512","PrincipalType":"Group","RightName":"Owns","IsInherited":false},{"PrincipalSID":"S-1-5-21-2379389067-1826974543-3574127760-512","PrincipalType":"Group","RightName":"GenericAll","IsInherited":false},{"PrincipalSID":"S-1-5-21-2379389067-1826974543-3574127760-519","PrincipalType":"Group","RightName":"GenericAll","IsInherited":false}],"ObjectIdentifier":"0C56409D-F5E1-4C2D-91C3-0F6EFBB5B93B","IsDeleted":false,"IsACLProtected":true},{"Properties":{"domain":"HTB.LOCAL","name":"WMIPOLICY@HTB.LOCAL","distinguishedname":"CN=WMIPOLICY,CN=SYSTEM,DC=HTB,DC=LOCAL","domainsid":"S-1-5-21-2379389067-1826974543-3574127760","highvalue":false},"ChildObjects":[],"Aces":[{"PrincipalSID":"S-1-5-21-2379389067-1826974543-3574127760-512","PrincipalType":"Group","RightName":"Owns","IsInherited":false},{"PrincipalSID":"S-1-5-21-2379389067-1826974543-3574127760-512","PrincipalType":"Group","RightName":"GenericAll","IsInherited":false},{"PrincipalSID":"S-1-5-21-2379389067-1826974543-3574127760-519","PrincipalType":"Group","RightName":"GenericAll","IsInherited":false}],"ObjectIdentifier":"AFEFAD6F-CB33-4D13-993E-AD81CDAE0163","IsDeleted":false,"IsACLProtected":true},{"Properties":{"domain":"HTB.LOCAL","name":"USERS@HTB.LOCAL","distinguishedname":"CN=USERS,DC=HTB,DC=LOCAL","domainsid":"S-1-5-21-2379389067-1826974543-3574127760","highvalue":false},"ChildObjects":[{"ObjectIdentifier":"S-1-5-21-2379389067-1826974543-3574127760-500","ObjectType":"User"},{"ObjectIdentifier":"S-1-5-21-2379389067-1826974543-3574127760-571","ObjectType":"Group"},{"ObjectIdentifier":"S-1-5-21-2379389067-1826974543-3574127760-1104","ObjectType":"User"},{"ObjectIdentifier":"S-1-5-21-2379389067-1826974543-3574127760-517","ObjectType":"Group"},{"ObjectIdentifier":"S-1-5-21-2379389067-1826974543-3574127760-522","ObjectType":"Group"},{"ObjectIdentifier":"S-1-5-21-2379389067-1826974543-3574127760-503","ObjectType":"User"},{"ObjectIdentifier":"S-1-5-21-2379389067-1826974543-3574127760-572","ObjectType":"Group"},{"ObjectIdentifier":"S-1-5-21-2379389067-1826974543-3574127760-1102","ObjectType":"Group"},{"ObjectIdentifier":"S-1-5-21-2379389067-1826974543-3574127760-1103","ObjectType":"Group"},{"ObjectIdentifier":"S-1-5-21-2379389067-1826974543-3574127760-512","ObjectType":"Group"},{"ObjectIdentifier":"S-1-5-21-2379389067-1826974543-3574127760-515","ObjectType":"Group"},{"ObjectIdentifier":"S-1-5-21-2379389067-1826974543-3574127760-516","ObjectType":"Group"},{"ObjectIdentifier":"S-1-5-21-2379389067-1826974543-3574127760-514","ObjectType":"Group"},{"ObjectIdentifier":"S-1-5-21-2379389067-1826974543-3574127760-513","ObjectType":"Group"},{"ObjectIdentifier":"S-1-5-21-2379389067-1826974543-3574127760-519","ObjectType":"Group"},{"ObjectIdentifier":"S-1-5-21-2379389067-1826974543-3574127760-527","ObjectType":"Group"},{"ObjectIdentifier":"S-1-5-21-2379389067-1826974543-3574127760-498","ObjectType":"Group"},{"ObjectIdentifier":"S-1-5-21-2379389067-1826974543-3574127760-520","ObjectType":"Group"},{"ObjectIdentifier":"S-1-5-21-2379389067-1826974543-3574127760-501","ObjectType":"User"},{"ObjectIdentifier":"S-1-5-21-2379389067-1826974543-3574127760-526","ObjectType":"Group"},{"ObjectIdentifier":"S-1-5-21-2379389067-1826974543-3574127760-502","ObjectType":"User"},{"ObjectIdentifier":"S-1-5-21-2379389067-1826974543-3574127760-1603","ObjectType":"User"},{"ObjectIdentifier":"S-1-5-21-2379389067-1826974543-3574127760-525","ObjectType":"Group"},{"ObjectIdentifier":"S-1-5-21-2379389067-1826974543-3574127760-553","ObjectType":"Group"},{"ObjectIdentifier":"S-1-5-21-2379389067-1826974543-3574127760-521","ObjectType":"Group"},{"ObjectIdentifier":"S-1-5-21-2379389067-1826974543-3574127760-518","ObjectType":"Group"},{"ObjectIdentifier":"S-1-5-21-2379389067-1826974543-3574127760-1604","ObjectType":"User"}],"Aces":[{"PrincipalSID":"S-1-5-21-2379389067-1826974543-3574127760-512","PrincipalType":"Group","RightName":"Owns","IsInherited":false},{"PrincipalSID":"S-1-5-21-2379389067-1826974543-3574127760-512","PrincipalType":"Group","RightName":"WriteDacl","IsInherited":false},{"PrincipalSID":"S-1-5-21-2379389067-1826974543-3574127760-512","PrincipalType":"Group","RightName":"WriteOwner","IsInherited":false},{"PrincipalSID":"S-1-5-21-2379389067-1826974543-3574127760-519","PrincipalType":"Group","RightName":"GenericAll","IsInherited":true},{"PrincipalSID":"HTB.LOCAL-S-1-5-32-544","PrincipalType":"Group","RightName":"WriteDacl","IsInherited":true},{"PrincipalSID":"HTB.LOCAL-S-1-5-32-544","PrincipalType":"Group","RightName":"WriteOwner","IsInherited":true}],"ObjectIdentifier":"C6326D09-AD61-4ABA-8A90-56D072AD327E","IsDeleted":false,"IsACLProtected":false},{"Properties":{"domain":"HTB.LOCAL","name":"WMIGPO@HTB.LOCAL","distinguishedname":"CN=WMIGPO,CN=WMIPOLICY,CN=SYSTEM,DC=HTB,DC=LOCAL","domainsid":"S-1-5-21-2379389067-1826974543-3574127760","highvalue":false},"ChildObjects":[],"Aces":[{"PrincipalSID":"S-1-5-21-2379389067-1826974543-3574127760-512","PrincipalType":"Group","RightName":"Owns","IsInherited":false},{"PrincipalSID":"S-1-5-21-2379389067-1826974543-3574127760-512","PrincipalType":"Group","RightName":"WriteDacl","IsInherited":false},{"PrincipalSID":"S-1-5-21-2379389067-1826974543-3574127760-512","PrincipalType":"Group","RightName":"WriteOwner","IsInherited":false},{"PrincipalSID":"S-1-5-21-2379389067-1826974543-3574127760-519","PrincipalType":"Group","RightName":"GenericAll","IsInherited":true},{"PrincipalSID":"S-1-5-21-2379389067-1826974543-3574127760-512","PrincipalType":"Group","RightName":"GenericAll","IsInherited":true}],"ObjectIdentifier":"AB11E543-8008-48BF-8088-461E53FF2ADA","IsDeleted":false,"IsACLProtected":false},{"Properties":{"domain":"HTB.LOCAL","name":"COMPUTERS@HTB.LOCAL","distinguishedname":"CN=COMPUTERS,DC=HTB,DC=LOCAL","domainsid":"S-1-5-21-2379389067-1826974543-3574127760","highvalue":false},"ChildObjects":[],"Aces":[{"PrincipalSID":"S-1-5-21-2379389067-1826974543-3574127760-512","PrincipalType":"Group","RightName":"Owns","IsInherited":false},{"PrincipalSID":"S-1-5-21-2379389067-1826974543-3574127760-512","PrincipalType":"Group","RightName":"WriteDacl","IsInherited":false},{"PrincipalSID":"S-1-5-21-2379389067-1826974543-3574127760-512","PrincipalType":"Group","RightName":"WriteOwner","IsInherited":false},{"PrincipalSID":"S-1-5-21-2379389067-1826974543-3574127760-519","PrincipalType":"Group","RightName":"GenericAll","IsInherited":true},{"PrincipalSID":"HTB.LOCAL-S-1-5-32-544","PrincipalType":"Group","RightName":"WriteDacl","IsInherited":true},{"PrincipalSID":"HTB.LOCAL-S-1-5-32-544","PrincipalType":"Group","RightName":"WriteOwner","IsInherited":true}],"ObjectIdentifier":"16B331EE-3C68-4A44-833F-5E4044FB2CA7","IsDeleted":false,"IsACLProtected":false}],"meta":{"methods":29695,"type":"containers","count":21,"version":5}}