﻿{"data":[{"Properties":{"domain":"HTB.LOCAL","name":"SIZZLE.HTB.LOCAL","distinguishedname":"CN=SIZZLE,OU=DOMAIN CONTROLLERS,DC=HTB,DC=LOCAL","domainsid":"S-1-5-21-2379389067-1826974543-3574127760","highvalue":false,"samaccountname":"SIZZLE$","haslaps":false,"description":null,"whencreated":1530543516,"enabled":true,"unconstraineddelegation":true,"trustedtoauth":false,"lastlogon":1673315916,"lastlogontimestamp":1673270702,"pwdlastset":1673270678,"serviceprincipalnames":["Dfsr-12F9A27C-BF97-4787-9364-D31B6C55EB04/sizzle.HTB.LOCAL","ldap/sizzle.HTB.LOCAL/ForestDnsZones.HTB.LOCAL","ldap/sizzle.HTB.LOCAL/DomainDnsZones.HTB.LOCAL","DNS/sizzle.HTB.LOCAL","GC/sizzle.HTB.LOCAL/HTB.LOCAL","RestrictedKrbHost/sizzle.HTB.LOCAL","RestrictedKrbHost/SIZZLE","RPC/717ef311-0653-41c6-8db6-81526d6f4985._msdcs.HTB.LOCAL","HOST/SIZZLE/HTB","HOST/sizzle.HTB.LOCAL/HTB","HOST/SIZZLE","HOST/sizzle.HTB.LOCAL","HOST/sizzle.HTB.LOCAL/HTB.LOCAL","E3514235-4B06-11D1-AB04-00C04FC2DCD2/717ef311-0653-41c6-8db6-81526d6f4985/HTB.LOCAL","ldap/SIZZLE/HTB","ldap/717ef311-0653-41c6-8db6-81526d6f4985._msdcs.HTB.LOCAL","ldap/sizzle.HTB.LOCAL/HTB","ldap/SIZZLE","ldap/sizzle.HTB.LOCAL","ldap/sizzle.HTB.LOCAL/HTB.LOCAL"],"operatingsystem":"Windows Server 2016 Standard","sidhistory":[]},"PrimaryGroupSID":"S-1-5-21-2379389067-1826974543-3574127760-516","AllowedToDelegate":[],"AllowedToAct":[],"HasSIDHistory":[],"Sessions":{"Results":[],"Collected":true,"FailureReason":null},"PrivilegedSessions":{"Results":[],"Collected":false,"FailureReason":"ERROR_ACCESS_DENIED"},"RegistrySessions":{"Results":[{"UserSID":"S-1-5-21-2379389067-1826974543-3574127760-1104","ComputerSID":"S-1-5-21-2379389067-1826974543-3574127760-1001"}],"Collected":true,"FailureReason":null},"LocalAdmins":{"Results":[{"ObjectIdentifier":"S-1-5-21-2379389067-1826974543-3574127760-500","ObjectType":"User"},{"ObjectIdentifier":"S-1-5-21-2379389067-1826974543-3574127760-519","ObjectType":"Group"},{"ObjectIdentifier":"S-1-5-21-2379389067-1826974543-3574127760-512","ObjectType":"Group"}],"Collected":true,"FailureReason":null},"RemoteDesktopUsers":{"Results":[],"Collected":true,"FailureReason":null},"DcomUsers":{"Results":[],"Collected":true,"FailureReason":null},"PSRemoteUsers":{"Results":[{"ObjectIdentifier":"S-1-5-21-2379389067-1826974543-3574127760-1104","ObjectType":"User"},{"ObjectIdentifier":"S-1-5-21-2379389067-1826974543-3574127760-1603","ObjectType":"User"}],"Collected":true,"FailureReason":null},"Status":null,"Aces":[{"PrincipalSID":"S-1-5-21-2379389067-1826974543-3574127760-512","PrincipalType":"Group","RightName":"Owns","IsInherited":false},{"PrincipalSID":"S-1-5-21-2379389067-1826974543-3574127760-512","PrincipalType":"Group","RightName":"GenericAll","IsInherited":false},{"PrincipalSID":"S-1-5-21-2379389067-1826974543-3574127760-526","PrincipalType":"Group","RightName":"AddKeyCredentialLink","IsInherited":true},{"PrincipalSID":"S-1-5-21-2379389067-1826974543-3574127760-527","PrincipalType":"Group","RightName":"AddKeyCredentialLink","IsInherited":true},{"PrincipalSID":"S-1-5-21-2379389067-1826974543-3574127760-519","PrincipalType":"Group","RightName":"GenericAll","IsInherited":true},{"PrincipalSID":"HTB.LOCAL-S-1-5-32-544","PrincipalType":"Group","RightName":"WriteDacl","IsInherited":true},{"PrincipalSID":"HTB.LOCAL-S-1-5-32-544","PrincipalType":"Group","RightName":"WriteOwner","IsInherited":true},{"PrincipalSID":"HTB.LOCAL-S-1-5-32-544","PrincipalType":"Group","RightName":"GenericWrite","IsInherited":true}],"ObjectIdentifier":"S-1-5-21-2379389067-1826974543-3574127760-1001","IsDeleted":false,"IsACLProtected":false}],"meta":{"methods":29695,"type":"computers","count":1,"version":5}}